cookie,timestamp
TF9ok4qm4qLyoE1R,2025-08-01T05:39:31+00:00
xM2d0de6hhQIDgLY,2023-01-01T10:35:37+00:00
IrLPqiMbcAluPofw,2025-06-08T23:49:20+00:00
eyTdNxSH2CnDLY2J,2023-11-24T18:46:13+00:00
z6XXLvZPby3SmtUD,2024-04-06T01:54:56+00:00
1VQkyO7VXpWSSJr3,2025-02-13T23:44:08+00:00
WzWmqs9aUpsOc4Dx,2025-03-28T06:21:05+00:00
HB0FtXWVmtAWKlmh,2024-05-04T16:59:38+00:00
ji4Z8pOQW08VVkdM,2023-06-07T06:07:26+00:00
Y73flGFQO62NoA4E,2023-04-27T01:55:30+00:00
7tsMeTgdXWB2ZJVR,2024-04-07T19:42:26+00:00
R1gfWOlQf5kjUpuO,2023-02-28T08:07:37+00:00
yJAJa2nF6Q1V5lCI,2025-06-25T06:32:22+00:00
1h63AyhjUm4Zr2UA,2023-09-07T13:17:11+00:00
aH4tR0QrMq4zNXuL,2025-01-06T14:42:58+00:00
PQCFqp0VIEnsHI7H,2023-12-28T23:48:40+00:00
Ld7UPm5dZVTStAqq,2024-09-23T03:27:48+00:00
ddfcDuzn8K7ocL9h,2024-01-19T12:39:22+00:00
T3SCPLtv7Euo1Skr,2024-10-23T16:29:17+00:00
22MFmvaaVNZpiot3,2024-06-21T07:16:42+00:00